{
    "n_qubits": 32,
    "n_layers": 1,
    "cutoffs": [
        350,
        375,
        400,
        425,
        450,
        475,
        512
    ],
    "energies": [
        -5.149423,
        -5.852672,
        -6.293264,
        -6.581273,
        -6.969220,
        -7.448942,
        -8.38929345089058
    ],
    "HF_value": -8.388292251998859
}