{
    "n_qubits": 32,
    "n_layers": 1,
    "cutoffs": [
        16,
        24,
        32,
        64,
        128,
        200,
        256,
        512
    ],
    "energies": [
        -0.5134188423770469,
        -0.5141443370236507,
        -0.5153562311437065,
        -0.552110511206693,
        -0.9139999898448712,
        -2.1559450642378977,
        -3.068285246862974,
        -8.38929345089058
    ],
    "HF_value": -8.388292251998855
}