{
    "n_qubits": 16,
    "n_layers": 1,
    "cutoffs": [
        16,
        24,
        32,
        64,
        128,
        200,
        256
    ],
    "energies": [
        -1.2478779684126518,
        -2.319676819797935,
        -4.2062575306390775,
        -4.206257530639975,
        -4.206257530640001,
        -4.20625753063998,
        -4.206257530640026
    ],
    "HF_value": -4.201383434320539
}