{
    "n_qubits": 16,
    "n_layers": 1,
    "cutoffs": [
        16,
        24,
        32,
        64,
        128,
        200,
        256,
        512
    ],
    "energies": [
        -1.3195123314125163,
        -2.4019940384391667,
        -4.206257530639079,
        -4.206257530639981,
        -4.206257530640005,
        -4.206257530639986,
        -4.206257530640032,
        -4.206257530640032
    ],
    "HF_value": -4.201383434320539
}